Latitude,Longitude
37.5098642,127.0367302
37.5098642,127.0367302
37.5098642,127.0367302
37.5098642,127.0367302
37.5098642,127.0367302
37.5098642,127.0367302
37.5098642,127.0367302
37.5098642,127.0367302
37.5098642,127.0367302
37.5098642,127.0367302
37.5098642,127.0367302
37.4938946,127.0629079
37.4938946,127.0629079
37.4938946,127.0629079
37.4938946,127.0629079
37.4938946,127.0629079
37.4938946,127.0629079
37.5096357,127.0555218
37.5096357,127.0555218
37.5096357,127.0555218
37.5096357,127.0555218
37.5096357,127.0555218
37.5096357,127.0555218
37.5096357,127.0555218
37.5096357,127.0555218
37.505783,127.0298686
37.5453366,127.1433679
37.5453366,127.1433679
37.5453366,127.1433679
37.5453366,127.1433679
37.5453366,127.1433679
37.5453366,127.1433679
37.5453366,127.1433679
37.5453366,127.1433679
37.5453366,127.1433679
37.5453366,127.1433679
37.5453366,127.1433679
37.5453366,127.1433679
37.5453366,127.1433679
37.5379845,126.9685056
37.5379845,126.9685056
37.5379845,126.9685056
37.5379845,126.9685056
37.5379845,126.9685056
37.5379845,126.9685056
37.5379845,126.9685056
37.5379845,126.9685056
37.5379845,126.9685056
37.5379845,126.9685056
37.5379845,126.9685056
37.5379845,126.9685056
37.5379845,126.9685056
37.5379845,126.9685056
37.5379845,126.9685056
37.4804852,126.9537388
37.4804852,126.9537388
37.4804852,126.9537388
37.4804852,126.9537388
37.4804852,126.9537388
37.4804852,126.9537388
37.4804852,126.9537388
37.4804852,126.9537388
37.4804852,126.9537388
37.4804852,126.9537388
37.4804852,126.9537388
37.4804852,126.9537388
37.4804852,126.9537388
37.4722139,126.8976898
37.4722139,126.8976898
37.4722139,126.8976898
37.4722139,126.8976898
37.4722139,126.8976898
37.4722139,126.8976898
37.4722139,126.8976898
37.4722139,126.8976898
37.4722139,126.8976898
37.4722139,126.8976898
37.4722139,126.8976898
37.4722139,126.8976898
37.4722139,126.8976898
37.4722139,126.8976898
37.4722139,126.8976898
37.4722139,126.8976898
37.4722139,126.8976898
37.5672561,126.9304464
37.5672561,126.9304464
37.5672561,126.9304464
37.5672561,126.9304464
37.5672561,126.9304464
37.5672561,126.9304464
37.5672561,126.9304464
37.5672561,126.9304464
37.5672561,126.9304464
37.5672561,126.9304464
37.5672561,126.9304464
37.5672561,126.9304464
37.5672561,126.9304464
37.5672561,126.9304464
37.5672561,126.9304464
37.5672561,126.9304464
37.5672561,126.9304464
37.5672561,126.9304464
37.5672561,126.9304464
37.5672561,126.9304464
37.5672561,126.9304464
37.5672561,126.9304464
37.5672561,126.9304464
37.5672561,126.9304464
37.5672561,126.9304464
37.5672561,126.9304464
37.5672561,126.9304464
37.5672561,126.9304464
37.5672561,126.9304464
37.5672561,126.9304464
37.5672561,126.9304464
37.4879718,127.0088971
37.4879718,127.0088971
37.4879718,127.0088971
37.4879718,127.0088971
37.4879718,127.0088971
37.4879718,127.0088971
37.4879718,127.0088971
37.4879718,127.0088971
37.4879718,127.0088971
37.5011401,127.0104399
37.5011401,127.0104399
37.5011401,127.0104399
37.5011401,127.0104399
37.5011401,127.0104399
37.513265,127.101133
37.513265,127.101133
37.513265,127.101133
37.513265,127.101133
37.513265,127.101133
37.513265,127.101133
37.513265,127.101133
37.513265,127.101133
37.513265,127.101133
37.513265,127.101133
37.513265,127.101133
37.513265,127.101133
37.513265,127.101133
37.513265,127.101133
37.513265,127.101133
37.513265,127.101133
37.513265,127.101133
37.513265,127.101133
37.513265,127.101133
37.513265,127.101133
37.513265,127.101133
37.513265,127.101133
37.513265,127.101133
37.513265,127.101133
37.513265,127.101133
37.513265,127.101133
37.513265,127.101133
37.513265,127.101133
37.513265,127.101133
37.513265,127.101133
37.513265,127.101133
37.513265,127.101133
37.513265,127.101133
37.513265,127.101133
37.513265,127.101133
37.6024182,126.925771
37.6024182,126.925771
37.6024182,126.925771
37.6024182,126.925771
37.6024182,126.925771
37.6024182,126.925771
37.6024182,126.925771
37.6024182,126.925771
37.6024182,126.925771
37.6024182,126.925771
37.6024182,126.925771
37.6024182,126.925771
37.6024182,126.925771
37.568878,126.988095
37.568878,126.988095
37.568878,126.988095
37.568878,126.988095
37.568878,126.988095
37.568878,126.988095
37.568878,126.988095
37.568878,126.988095
37.568878,126.988095
37.568878,126.988095
37.568878,126.988095
37.568878,126.988095
37.568878,126.988095
37.568878,126.988095
37.568878,126.988095
37.568878,126.988095
37.568878,126.988095
37.568878,126.988095
37.568878,126.988095
37.568878,126.988095
37.568878,126.988095
37.568878,126.988095
37.568878,126.988095
37.568878,126.988095
37.568878,126.988095
37.568878,126.988095
37.568878,126.988095
37.568878,126.988095
37.568878,126.988095
37.568878,126.988095
37.568878,126.988095
37.568878,126.988095
37.568878,126.988095
37.568878,126.988095
37.568878,126.988095
37.568878,126.988095
37.568878,126.988095
37.568878,126.988095
37.568878,126.988095
37.568878,126.988095
37.568878,126.988095
37.568878,126.988095
37.568878,126.988095
37.568878,126.988095
37.568878,126.988095
37.568878,126.988095
37.568878,126.988095
37.568878,126.988095
37.568878,126.988095
37.568878,126.988095
37.568878,126.988095
37.568878,126.988095
37.568878,126.988095
37.568878,126.988095
37.568878,126.988095
37.568878,126.988095
37.568878,126.988095
37.589608,127.0941645
37.589608,127.0941645
37.589608,127.0941645
37.589608,127.0941645
37.589608,127.0941645
37.589608,127.0941645
37.589608,127.0941645
37.589608,127.0941645
37.589608,127.0941645
37.589608,127.0941645
37.589608,127.0941645
37.589608,127.0941645
37.589608,127.0941645
37.589608,127.0941645
37.589608,127.0941645
37.589608,127.0941645
37.589608,127.0941645
37.589608,127.0941645
37.589608,127.0941645
37.589608,127.0941645
37.589608,127.0941645
37.589608,127.0941645
37.589608,127.0941645
37.589608,127.0941645
37.589608,127.0941645
37.589608,127.0941645
37.589608,127.0941645
37.589608,127.0941645
37.589608,127.0941645
37.589608,127.0941645
37.589608,127.0941645
37.589608,127.0941645
37.589608,127.0941645
37.589608,127.0941645
37.589608,127.0941645
37.589608,127.0941645
37.589608,127.0941645
37.589608,127.0941645
