index,호선,역사명,구,도로명주소,Latitude,Longitude,월임대료 평균,면적 평균,면적 당 임대료,엘리베이터유무,pc1,pc2,pc3
0,1,서울(1)역,중구,서울특별시 중구 세종대로 지하2(남대문로 5가),37.5624945,126.9752957,527100,33,15972.72727,0,7.57404,3.98087,0.601224
1,1,시청(1)역,중구,서울특별시 중구 세종대로 지하101(정동),37.5624945,126.9752957,2791556.333,28.88833333,96632.65447,0,7.57404,3.98087,0.601224
2,1,종각역,종로구,서울특별시 종로구 종로 지하55(종로1가),37.5719416,127.0043274,5428585.714,24.59692308,220701.821,0,5.43797,2.23685,-1.13737
3,1,종로3가(1)역,종로구,서울특별시 종로구 종로 지하129(종로3가),37.5719416,127.0043274,5458419.75,32.7375,166732.9439,0,5.43797,2.23685,-1.13737
4,1,종로5가역,종로구,서울특별시 종로구 종로 지하216(종로5가),37.5719416,127.0043274,4710000,20.645,228142.4074,0,5.43797,2.23685,-1.13737
5,1,동대문역,종로구,서울특별시 종로구 종로 지하302(창신동),37.5719416,127.0043274,0,0,0,0,5.43797,2.23685,-1.13737
6,1,신설동역,동대문구,서울특별시 동대문구 왕산로 지하1(신설동),37.5803953,127.0379534,0,0,0,0,0.217542,-1.88592,0.0418715
7,1,제기동역,동대문구,서울특별시 동대문구 왕산로 지하93(제기동),37.5803953,127.0379534,0,0,0,0,0.217542,-1.88592,0.0418715
8,1,청량리(서울시립대입구)역,동대문구,서울특별시 동대문구 왕산로 지하205(전농동),37.5803953,127.0379534,0,0,0,0,0.217542,-1.88592,0.0418715
9,1,동묘앞(1)역,종로구,서울특별시 종로구 종로 359(숭인동),37.5732808,127.0166486,3550000,17.7,200564.9718,0,5.43797,2.23685,-1.13737
10,2,시청역,중구,서울특별시 중구 서소문로 지하127(서소문동),37.5612786,126.9693213,0,0,0,0,7.57404,3.98087,0.601224
11,2,을지로입구역,중구,서울특별시 중구 을지로 지하42(을지로1가),37.5665899,126.9982939,9178534.615,40.396875,227209.0258,0,7.57404,3.98087,0.601224
12,2,을지로3가(2)역,중구,서울특별시 중구 을지로 지하106(을지로3가),37.5665899,126.9982939,868912.5,17.6575,49209.25952,0,7.57404,3.98087,0.601224
13,2,을지로4가(2)역,중구,서울특별시 중구 을지로 지하178(을지로4가),37.5665899,126.9982939,1011664.714,23.07714286,43838.38676,0,7.57404,3.98087,0.601224
14,2,동대문역사문화공원(2)역,중구,서울특별시 중구 을지로 지하279(을지로7가),37.5665899,126.9982939,6004704,32.74714286,183365.7375,0,7.57404,3.98087,0.601224
15,2,신당(2)역,중구,서울특별시 중구 퇴계로 지하431-1(신당동),37.5609724,126.9945971,975000,12.91,75522.8505,0,7.57404,3.98087,0.601224
16,2,상왕십리역,성동구,서울특별시 성동구 왕십리로 지하374(하왕십리동),37.5549336,127.0367427,3781410.333,32.53333333,116231.875,0,1.55961,-1.23871,0.53138
17,2,왕십리(2)역,성동구,서울특별시 성동구 왕십리로 지하300(행당동),37.5549336,127.0367427,1396166.667,25.39111111,54986.43446,0,1.55961,-1.23871,0.53138
18,2,한양대역,성동구,서울특별시 성동구 왕십리로 206(행당동),37.5552593,127.0436579,2972000,37.768,78690.95531,0,1.55961,-1.23871,0.53138
19,2,뚝섬역,성동구,서울특별시 성동구 아차산로 18(성수동1가),37.5471773,127.0473802,1651850,21.118,78220.00189,0,1.55961,-1.23871,0.53138
20,2,성수역,성동구,서울특별시 성동구 아차산로 100(성수동2가),37.5446009,127.0568847,3145244.4,24.75666667,127046.3606,0,1.55961,-1.23871,0.53138
21,2,건대입구(2)역,광진구,서울특별시 광진구 아차산로 243(화양동),37.5407487,127.0690014,6378977.25,33.56,190076.7953,0,0.295592,-1.62693,-1.79417
22,2,구의역,광진구,서울특별시 광진구 아차산로 384-1(구의동),37.5382826,127.0907553,2662633.75,26.642,99941.21125,0,0.295592,-1.62693,-1.79417
23,2,강변역,광진구,서울특별시 광진구 강변역로 53(구의동),37.5354211,127.094533,11569998.5,38.75,298580.6065,0,0.295592,-1.62693,-1.79417
24,2,잠실나루역,송파구,서울특별시 송파구 오금로 20(신천동),37.5186216,127.1049002,5079212.5,49.1825,103272.7596,0,-5.82448,1.94447,-1.11111
25,2,잠실(2)역,송파구,서울특별시 송파구 올림픽로 지하265(신천동),37.5213517,127.1026097,7065145.563,26.93611111,262292.7094,0,-5.82448,1.94447,-1.11111
26,2,잠실새내역,송파구,서울특별시 송파구 올림픽로 지하140(잠실동),37.5213517,127.1026097,5593333.333,21.17666667,264127.184,0,-5.82448,1.94447,-1.11111
27,2,종합운동장역,송파구,서울특별시 송파구 올림픽로 지하23(잠실동),37.5213517,127.1026097,5220122.5,48.4,107853.7707,0,-5.82448,1.94447,-1.11111
28,2,삼성역,강남구,서울특별시 강남구 테헤란로 지하538(삼성동),37.5045703,127.0494465,0,0,0,0,-3.29149,5.53299,-1.46002
29,2,선릉역,강남구,서울특별시 강남구 테헤란로 지하340(삼성동),37.5045703,127.0494465,9466689.333,21.07857143,449114.3702,0,-3.29149,5.53299,-1.46002
30,2,역삼역,강남구,서울특별시 강남구 테헤란로 지하156(역삼동),37.5045703,127.0494465,10936655.71,68.672,159259.3154,0,-3.29149,5.53299,-1.46002
31,2,강남역,강남구,서울특별시 강남구 강남대로 지하396(역삼동),37.5026761,127.0260437,17193025.5,30.53666667,563028.8887,0,-3.29149,5.53299,-1.46002
32,2,교대(2)역,서초구,서울특별시 서초구 서초대로 지하294(서초동),37.4900549,127.0007641,4425918.25,23.90375,185155.8124,0,-0.746933,3.02472,0.773993
33,2,서초역,서초구,서울특별시 서초구 서초대로 지하233(서초동),37.4900549,127.0007641,4375966.667,22.32285714,196030.7607,0,-0.746933,3.02472,0.773993
34,2,방배역,서초구,서울특별시 서초구 방배로 지하80(방배동),37.4866882,126.9948792,1884266.833,20.33833333,92646.07883,0,-0.746933,3.02472,0.773993
35,2,사당(2)역,동작구,서울특별시 동작구 남부순환로 지하2089(사당동),37.4795497,126.9433403,11514721.55,34.76230769,331241.575,0,-0.0745646,-1.48728,1.57093
36,2,낙성대역,관악구,서울특별시 관악구 남부순환로 지하1928(봉천동),37.4795497,126.9433403,1998449.667,42.835,46654.59711,0,-1.98818,-0.648311,0.708141
37,2,서울대입구역,관악구,서울특별시 관악구 남부순환로 지하1822(봉천동),37.4795497,126.9433403,6558518.667,23.3,281481.4879,0,-1.98818,-0.648311,0.708141
38,2,봉천역,관악구,서울특별시 관악구 남부순환로 지하1721(봉천동),37.4795497,126.9433403,1814122,22.71,79882.07838,0,-1.98818,-0.648311,0.708141
39,2,신림역,관악구,서울특별시 관악구 남부순환로 지하1614(신림동),37.4795497,126.9433403,6521064.6,13.2,494020.0455,0,-1.98818,-0.648311,0.708141
40,2,신대방역,동작구,서울특별시 동작구 대림로 2(신대방동),37.4875104,126.9129914,10909867.5,132.6,82276.52715,0,-0.0745646,-1.48728,1.57093
41,2,구로디지털단지역,구로구,서울특별시 구로구 도림천로 477(구로동),37.4851265,126.9015288,10628779,60.865,174628.7522,0,-0.190459,-0.776803,0.00457076
42,2,대림(2)역,구로구,서울특별시 구로구 도림천로 351(구로동),37.4925043,126.8949615,8187971.429,18.05777778,453431.8413,0,-0.190459,-0.776803,0.00457076
43,2,신도림역,구로구,서울특별시 구로구 새말로 지하 117-21(신도림동),37.5047436,126.8874857,8158114.636,33.52666667,243332.1128,0,-0.190459,-0.776803,0.00457076
44,2,문래역,영등포구,서울특별시 영등포구 당산로 지하28(문래동3가),37.5267009,126.8986365,2867049.75,26.28,109096.2614,0,0.90948,1.15866,3.80037
45,2,영등포구청(2)역,영등포구,서울특별시 영등포구 당산로 지하121(당산동3가),37.5267009,126.8986365,13889165,23.65142857,587244.2317,0,0.90948,1.15866,3.80037
46,2,당산역,영등포구,서울특별시 영등포구 당산로 229(당산동6가),37.5349309,126.9027301,4288200,30.13666667,142291.7819,0,0.90948,1.15866,3.80037
47,2,합정(2)역,마포구,서울특별시 마포구 양화로 지하55(서교동),37.552785,126.9186125,5879940.222,26.90785714,218521.3111,0,0.201913,0.109845,-1.32146
48,2,홍대입구역,마포구,서울특별시 마포구 양화로 지하160(동교동),37.552785,126.9186125,11078998.67,26.465,418628.3268,0,0.201913,0.109845,-1.32146
49,2,신촌역,마포구,서울특별시 마포구 신촌로 지하90(노고산동),37.5575088,126.944032,10610604.43,23.64888889,448672.4294,0,0.201913,0.109845,-1.32146
50,2,이대역,마포구,서울특별시 마포구 신촌로 지하180(염리동),37.5575088,126.944032,0,21.63333333,0,0,0.201913,0.109845,-1.32146
51,2,아현역,마포구,서울특별시 마포구 신촌로 지하270(아현동),37.5575088,126.944032,1406508,28.326,49654.31053,0,0.201913,0.109845,-1.32146
52,2,충정로(2)역,서대문구,서울특별시 서대문구 서소문로 지하17(충정로3가),37.5612786,126.9693213,4602947.5,20.37333333,225930.0148,0,0.831232,-1.33294,-0.185672
53,2,용답역,성동구,서울특별시 성동구 용답길 86(용답동),37.5586888,127.0531724,0,0,0,0,1.55961,-1.23871,0.53138
54,2,신답역,성동구,서울특별시 성동구 천호대로 232(용답동),37.569744,127.0469446,0,0,0,0,1.55961,-1.23871,0.53138
55,2,신설동역,동대문구,서울특별시 동대문구 왕산로 지하 1(신설동),37.5803953,127.0379534,0,0,0,0,0.217542,-1.88592,0.0418715
56,2,도림천역,구로구,서울특별시 구로구 경인로67길 160(신도림동),37.5144011,126.8826846,0,0,0,0,-0.190459,-0.776803,0.00457076
57,2,양천구청역,양천구,서울특별시 양천구 목동로3길 지하33(신정동),37.5109528,126.8630883,886500,22.44,39505.34759,0,-2.10509,-1.40919,-0.464912
58,2,신정네거리역,양천구,서울특별시 양천구 중앙로 지하261(신정동),37.520694,126.8523726,0,42.45,0,0,-2.10509,-1.40919,-0.464912
59,2,용두역,동대문구,서울특별시 동대문구 천호대로 지하129(용두동),37.5690448,127.044881,0,0,0,0,0.217542,-1.88592,0.0418715
60,3,구파발역,은평구,서울특별시 은평구 진관2로 지하15-25 (진관동),37.6354486,126.9231387,0,0,0,0,-1.76666,-0.432013,0.405047
61,3,연신내(3)역,은평구,서울특별시 은평구 통일로 지하849(갈현동),37.6123992,126.9292744,1704600,26.024,65501.07593,0,-1.76666,-0.432013,0.405047
62,3,불광(3)역,은평구,서울특별시 은평구 통일로 지하723-1(대조동),37.6123992,126.9292744,1334749.2,23.77,56152.67985,0,-1.76666,-0.432013,0.405047
63,3,녹번역,은평구,서울특별시 은평구 통일로 지하602-1(녹번동),37.6123992,126.9292744,802020,35.714,22456.73965,0,-1.76666,-0.432013,0.405047
64,3,홍제역,서대문구,서울특별시 서대문구 통일로 지하440-1(홍제동),37.581817,126.9508662,2420400,205.8514286,11757.99467,0,0.831232,-1.33294,-0.185672
65,3,무악재역,서대문구,서울특별시 서대문구 통일로 지하361(홍제동),37.581817,126.9508662,0,0,0,0,0.831232,-1.33294,-0.185672
66,3,독립문역,서대문구,서울특별시 서대문구 통일로 지하247(현저동),37.581817,126.9508662,0,0,0,0,0.831232,-1.33294,-0.185672
67,3,경복궁역,종로구,서울특별시 종로구 사직로 지하130(적선동),37.5748378,126.9680507,1508490,25.5,59156.47059,0,5.43797,2.23685,-1.13737
68,3,안국역,종로구,서울특별시 종로구 율곡로 지하62(안국동),37.574971,126.9981589,1099188.889,24.76222222,44389.75142,0,5.43797,2.23685,-1.13737
69,3,종로3가(3)역,종로구,서울특별시 종로구 돈화문로 지하30(묘동),37.572069,126.9915237,7484386.333,49.2,152121.6734,0,5.43797,2.23685,-1.13737
70,3,을지로3가(3)역,중구,서울특별시 중구 을지로 지하129(을지로3가),37.5665899,126.9982939,2625933.333,18.86666667,139183.7455,0,7.57404,3.98087,0.601224
71,3,충무로역,중구,서울특별시 중구 퇴계로 지하214(필동2가),37.5609724,126.9945971,0,0,0,0,7.57404,3.98087,0.601224
72,3,동대입구역,중구,서울특별시 중구 동호로 지하256(장충동2가),37.5610737,127.0058135,675220.875,27.79125,24296.16786,0,7.57404,3.98087,0.601224
73,3,약수(3)역,중구,서울특별시 중구 다산로 지하122(신당동),37.5584387,127.0119475,3513407,16.945,207341.8117,0,7.57404,3.98087,0.601224
74,3,금호역,성동구,서울특별시 성동구 동호로 지하104(금호동4가),37.5466746,127.0162448,1320112.4,28.642,46090.09147,0,1.55961,-1.23871,0.53138
75,3,옥수역,성동구,서울특별시 성동구 동호로 21(옥수동),37.5398948,127.0172208,5971684,156.785,38088.36304,0,1.55961,-1.23871,0.53138
76,3,압구정역,강남구,서울특별시 강남구 압구정로 지하172(신사동),37.5270213,127.0357939,4375063.8,23.536,185888.1628,0,-3.29149,5.53299,-1.46002
77,3,신사역,강남구,서울특별시 강남구 도산대로 지하102(신사동),37.5211419,127.0346289,4421175.786,24.57733333,179888.3437,0,-3.29149,5.53299,-1.46002
78,3,잠원역,서초구,서울특별시 서초구 잠원로4길 지하46(잠원동),37.5125456,127.0110072,0,0,0,0,-0.746933,3.02472,0.773993
79,3,고속터미널(3)역,서초구,서울특별시 서초구 신반포로 지하188(반포동),37.5060582,127.0033885,66905331.67,1287.698333,51957.30239,0,-0.746933,3.02472,0.773993
80,3,교대(3)역,서초구,서울특별시 서초구 서초대로 지하294(서초동),37.4900549,127.0007641,1503077.778,72.82454545,20639.71383,0,-0.746933,3.02472,0.773993
81,3,남부터미널역,서초구,서울특별시 서초구 서초중앙로 지하31(서초동),37.4933118,127.0145415,0,0,0,0,-0.746933,3.02472,0.773993
82,3,양재역,서초구,서울특별시 서초구 남부순환로 지하2585(서초동),37.4810366,127.0181186,4960125.143,33.4975,148074.4874,0,-0.746933,3.02472,0.773993
83,3,매봉역,강남구,서울특별시 강남구 남부순환로 지하2744(도곡동),37.490713,127.0586709,1881050,16.795,112000.5954,0,-3.29149,5.53299,-1.46002
84,3,도곡역,강남구,서울특별시 강남구 남부순환로 지하2814(도곡동),37.490713,127.0586709,1450325,24.58,59004.27177,0,-3.29149,5.53299,-1.46002
85,3,대치역,강남구,서울특별시 강남구 남부순환로 지하2952(대치동),37.490713,127.0586709,0,0,0,0,-3.29149,5.53299,-1.46002
86,3,학여울역,강남구,서울특별시 강남구 남부순환로 지하3104(대치동),37.490713,127.0586709,0,0,0,0,-3.29149,5.53299,-1.46002
87,3,대청역,강남구,서울특별시 강남구 일원로 지하2(일원동),37.4890175,127.0824833,1894800,24.805,76387.82504,0,-3.29149,5.53299,-1.46002
88,3,일원역,강남구,서울특별시 강남구 일원로 지하121(일원동),37.4890175,127.0824833,4398375,203.636,21599.20152,0,-3.29149,5.53299,-1.46002
89,3,수서역,강남구,서울특별시 강남구 광평로 지하270(수서동),37.485319,127.0939179,4926672.667,24.99111111,197136.9998,0,-3.29149,5.53299,-1.46002
90,3,가락시장(3)역,송파구,서울특별시 송파구 송파대로 지하257(가락동),37.4856859,127.1193237,1200000,21,57142.85714,0,-5.82448,1.94447,-1.11111
91,3,경찰병원역,송파구,서울특별시 송파구 중대로 지하149(가락동),37.4993959,127.1254327,3510000,47.2,74364.40678,0,-5.82448,1.94447,-1.11111
92,3,오금역,송파구,서울특별시 송파구 오금로 지하321(오금동),37.5062405,127.1232563,0,0,0,0,-5.82448,1.94447,-1.11111
93,4,당고개역,노원구,서울특별시 노원구 상계로 305(상계동),37.6705563,127.0793058,2907000,78.13833333,37203.25065,0,-3.54654,0.0328271,0.928053
94,4,상계역,노원구,서울특별시 노원구 상계로 182(상계동),37.6610953,127.0735256,3175040,39.612,80153.48884,0,-3.54654,0.0328271,0.928053
95,4,노원(4)역,노원구,서울특별시 노원구 상계로 69-1(상계동),37.6558674,127.0619911,1175000,22.405,52443.65097,0,-3.54654,0.0328271,0.928053
96,4,창동역,도봉구,서울특별시 도봉구 마들로11길 77(창동),37.6531856,127.0481139,5138666.667,30.83333333,166659.4595,0,1.17058,-1.69655,-1.0179
97,4,쌍문역,도봉구,서울특별시 도봉구 도봉로 지하 486-1(창동),37.6703415,127.0407797,0,0,0,0,1.17058,-1.69655,-1.0179
98,4,수유역,강북구,서울특별시 강북구 도봉로 지하338(수유동),37.6315748,127.0278216,5082844.429,16.90285714,300709.187,0,1.20045,-1.63942,-0.228059
99,4,미아역,강북구,서울특별시 강북구 도봉로 지하198(미아동),37.6315748,127.0278216,0,0,0,0,1.20045,-1.63942,-0.228059
100,4,미아사거리역,강북구,서울특별시 강북구 도봉로 지하50(미아동),37.6315748,127.0278216,3403716.526,21.91842105,155290.2245,0,1.20045,-1.63942,-0.228059
101,4,길음역,성북구,서울특별시 성북구 동소문로 지하248(길음동),37.5973535,127.0188961,3724040.5,60.02,62046.65945,0,-1.31044,-0.672619,0.261881
102,4,성신여대입구역,성북구,서울특별시 성북구 동소문로 지하102(동선동4가),37.5973535,127.0188961,2367020,22.76,103999.1213,0,-1.31044,-0.672619,0.261881
103,4,한성대입구역,성북구,서울특별시 성북구 삼선교로 지하1(삼선동1가),37.5884105,127.0103449,0,69.34,0,0,-1.31044,-0.672619,0.261881
104,4,혜화역,종로구,서울특별시 종로구 대학로 지하120(명륜4가),37.5769696,127.0020331,6410000,18.73,342231.7138,0,5.43797,2.23685,-1.13737
105,4,동대문(4)역,종로구,서울특별시 종로구 율곡로 지하308(종로6가),37.574971,126.9981589,3388981.182,23.69083333,143050.3155,0,5.43797,2.23685,-1.13737
106,4,동대문역사문화공원(4)역,중구,서울특별시 중구 장충단로 지하230(광희동2가),37.5599921,127.0053457,4265613,39.295,108553.5819,0,7.57404,3.98087,0.601224
107,4,충무로(4)역,중구,서울특별시 중구 퇴계로 지하214(필동2가),37.5609724,126.9945971,4137056,22.4,184690,0,7.57404,3.98087,0.601224
108,4,명동역,중구,서울특별시 중구 퇴계로 지하126(충무로2가),37.5609724,126.9945971,9605672,26,369448.9231,0,7.57404,3.98087,0.601224
109,4,회현역,중구,서울특별시 중구 퇴계로 지하54(남창동),37.5609724,126.9945971,9326000,44,211954.5455,0,7.57404,3.98087,0.601224
110,4,서울역,용산구,서울특별시 용산구 한강대로 지하392(동자동),37.5516714,126.972922,0,0,0,0,3.29565,-0.684115,-0.732332
111,4,숙대입구역,용산구,서울특별시 용산구 한강대로 지하306(갈월동),37.5516714,126.972922,2270000,17.25,131594.2029,0,3.29565,-0.684115,-0.732332
112,4,삼각지역,용산구,서울특별시 용산구 한강대로 지하180(한강로1가),37.5516714,126.972922,0,0,0,0,3.29565,-0.684115,-0.732332
113,4,신용산역,용산구,서울특별시 용산구 한강대로 지하112(한강로2가),37.5516714,126.972922,1218430,17.77363636,68552.65717,0,3.29565,-0.684115,-0.732332
114,4,이촌역,용산구,서울특별시 용산구 서빙고로 지하83(용산동5가),37.5231023,126.9844401,1375427,20.65,66606.63438,0,3.29565,-0.684115,-0.732332
115,4,동작역,동작구,서울특별시 동작구 현충로 257(동작동),37.5034647,126.9799265,3335000,15.58333333,214010.6952,0,-0.0745646,-1.48728,1.57093
116,4,총신대입구역,동작구,서울특별시 동작구 동작대로 지하117(사당동),37.4859712,126.9815356,2259066.813,20.45,110467.8148,0,-0.0745646,-1.48728,1.57093
117,4,사당(4)역,동작구,서울특별시 동작구  동작대로 지하3(사당동),37.4859712,126.9815356,9966788.739,89.668,111152.1249,0,-0.0745646,-1.48728,1.57093
118,4,남태령역,서초구,서울특별시 서초구 과천대로 지하816(방배동),37.4714316,126.9832228,0,0,0,0,-0.746933,3.02472,0.773993
119,5,방화역,강서구,서울특별시 강서구 금낭화로 지하132(방화동),37.5746758,126.811399,3698510,35.265,104877.6407,0,-4.16236,1.24139,0.620214
120,5,개화산역,강서구,서울특별시 강서구 양천로 22(방화동),37.5722225,126.8059564,4085152,30,136171.7333,0,-4.16236,1.24139,0.620214
121,5,김포공항역,강서구,서울특별시 강서구 하늘길 지하77(방화동),37.5551049,126.8058738,3832112.583,43.97076923,87151.36556,0,-4.16236,1.24139,0.620214
122,5,송정역,강서구,서울특별시 강서구 공항대로 지하33(공항동),37.5533338,126.8510294,2624666.667,34.88,75248.47096,0,-4.16236,1.24139,0.620214
123,5,마곡역,강서구,서울특별시 강서구 공항대로 지하163(마곡동),37.5533338,126.8510294,0,0,0,0,-4.16236,1.24139,0.620214
124,5,발산역,강서구,서울특별시 강서구 공항대로 지하267(마곡동),37.5533338,126.8510294,5292201,28.72666667,184226.0733,0,-4.16236,1.24139,0.620214
125,5,우장산역,강서구,서울특별시 강서구 강서로 지하262(화곡동),37.5535944,126.8412653,2503157.333,26.01333333,96225.93542,0,-4.16236,1.24139,0.620214
126,5,화곡역,강서구,서울특별시 강서구 화곡로 지하168(화곡동),37.5488694,126.8451583,9730662.5,49.69,195827.3798,0,-4.16236,1.24139,0.620214
127,5,까치산(5)역,강서구,서울특별시 강서구 강서로 지하54(화곡동),37.5535944,126.8412653,9895870.25,27.21111111,363670.2011,0,-4.16236,1.24139,0.620214
128,5,신정역,양천구,서울특별시 양천구 오목로 지하179(신정동),37.5245067,126.862375,4548669,33.355,136371.4286,0,-2.10509,-1.40919,-0.464912
129,5,목동역,양천구,서울특별시 양천구 오목로 지하245(목동),37.5245067,126.862375,4631076.2,26.14833333,177107.8922,0,-2.10509,-1.40919,-0.464912
130,5,오목교역,양천구,서울특별시 양천구 오목로 지하342(목동),37.5245067,126.862375,94251869.5,46.91413043,2009029.447,0,-2.10509,-1.40919,-0.464912
131,5,양평역,영등포구,서울특별시 영등포구 양산로 지하21(양평동2가),37.5242305,126.8953477,0,0,0,0,0.90948,1.15866,3.80037
132,5,영등포구청(5)역,영등포구,서울특별시 영등포구 양산로 지하116(당산동3가),37.5242305,126.8953477,5866242.333,124.1766667,47241.10003,0,0.90948,1.15866,3.80037
133,5,영등포시장역,영등포구,서울특별시 영등포구 양산로 지하200(영등포동5가),37.5242305,126.8953477,6361705,37.3,170555.0938,0,0.90948,1.15866,3.80037
134,5,신길역,영등포구,서울특별시 영등포구 경인로114가길 지하9(영등포동1가),37.5176364,126.9140856,7821272.333,23.33333333,335197.3857,0,0.90948,1.15866,3.80037
135,5,여의도역,영등포구,서울특별시 영등포구 여의나루로 지하40(여의도동),37.5213559,126.9249795,5007155.333,28.585,175167.2322,0,0.90948,1.15866,3.80037
136,5,여의나루역,영등포구,서울특별시 영등포구 여의동로 지하343(여의도동),37.5213559,126.9249795,6716550,34.125,196821.978,0,0.90948,1.15866,3.80037
137,5,마포역,마포구,서울특별시 마포구 마포대로 지하33(도화동),37.5458958,126.9515058,3533945.8,33.412,105768.7597,0,0.201913,0.109845,-1.32146
138,5,공덕(5)역,마포구,서울특별시 마포구 마포대로 지하100(공덕동),37.5458958,126.9515058,3407758.929,47.30391304,72039.68361,0,0.201913,0.109845,-1.32146
139,5,애오개역,마포구,서울특별시 마포구 마포대로 지하210(아현동),37.5458958,126.9515058,4577500,32.2,142158.3851,0,0.201913,0.109845,-1.32146
140,5,충정로(5)역,서대문구,서울특별시 서대문구 충정로 지하 28-1(충정로3가),37.5627988,126.9647478,1831098.25,33.645,54424.08233,0,0.831232,-1.33294,-0.185672
141,5,서대문역,종로구,서울특별시 종로구 통일로 지하126(평동),37.5705366,126.9628499,2917836.6,17.304,168622.0874,0,5.43797,2.23685,-1.13737
142,5,광화문역,종로구,서울특별시 종로구 세종대로 지하172(세종로),37.5722304,126.9771833,11701261,305,38364.79016,0,5.43797,2.23685,-1.13737
143,5,종로3가(5)역,종로구,서울특별시 종로구 돈화문로11길 지하 26(돈의동),37.5725356,126.9899825,4967525,39.38666667,126121.9956,0,5.43797,2.23685,-1.13737
144,5,을지로4가(5)역,중구,서울특별시 중구 창경궁로 지하51(주교동),37.5660599,126.9979537,1468382.333,30.68333333,47856.02389,0,7.57404,3.98087,0.601224
145,5,동대문역사문화공원역,중구,서울특별시 중구 마른내로 지하162(광희동1가),37.5648118,126.9991962,0,0,0,0,7.57404,3.98087,0.601224
146,5,청구(5)역,중구,서울특별시 중구 청구로 지하77(신당동),37.5608109,127.0137038,3825969,35.555,107607.0595,0,7.57404,3.98087,0.601224
147,5,신금호역,성동구,서울특별시 성동구 금호로 지하154(금호동2가),37.5512857,127.023034,3412690.5,31.32,108962.0211,0,1.55961,-1.23871,0.53138
148,5,행당역,성동구,서울특별시 성동구 행당로 지하89(행당동),37.5561971,127.0261975,3638547,39.52,92068.49696,0,1.55961,-1.23871,0.53138
149,5,왕십리(5)역,성동구,서울특별시 성동구 왕십리로 지하300(행당동),37.5549336,127.0367427,3312402.75,61.85923077,53547.42871,0,1.55961,-1.23871,0.53138
150,5,마장역,성동구,서울특별시 성동구 마장로 지하296(마장동),37.5663079,127.0369547,4361266,30,145375.5333,0,1.55961,-1.23871,0.53138
151,5,답십리역,성동구,서울특별시 성동구 천호대로 지하300(용답동),37.5636987,127.0582683,3068462.667,42.86,71592.68938,0,1.55961,-1.23871,0.53138
152,5,장한평역,동대문구,서울특별시 동대문구 천호대로 지하405(장안동),37.5690448,127.044881,4486653.2,34.43333333,130299.7057,0,0.217542,-1.88592,0.0418715
153,5,군자(5)역,광진구,서울특별시 광진구 천호대로 지하550(능동),37.5538892,127.0857152,5325000,61.09,87166.47569,0,0.295592,-1.62693,-1.79417
154,5,아차산역,광진구,서울특별시 광진구 천호대로 지하657(능동),37.5538892,127.0857152,3397353.5,31.95333333,106322.3503,0,0.295592,-1.62693,-1.79417
155,5,광나루역,광진구,서울특별시 광진구 아차산로 지하571(광장동),37.5417175,127.0873849,4478125.25,44.58,100451.4412,0,0.295592,-1.62693,-1.79417
156,5,천호(5)역,강동구,서울특별시 강동구 천호대로 지하997(천호동),37.538274,127.14567,217793378,70.29518519,3098268.785,0,-0.970207,-0.899822,-0.603726
157,5,강동역,강동구,서울특별시 강동구 천호대로 지하1097(천호동),37.538274,127.14567,6500576.2,50.858,127818.1643,0,-0.970207,-0.899822,-0.603726
158,5,길동역,강동구,서울특별시 강동구 양재대로 지하1480(길동),37.5374092,127.1411034,5116421,31.82,160792.6147,0,-0.970207,-0.899822,-0.603726
159,5,굽은다리역,강동구,서울특별시 강동구 양재대로 지하1572(명일동),37.5374092,127.1411034,2986494.5,27.272,109507.7185,0,-0.970207,-0.899822,-0.603726
160,5,명일역,강동구,서울특별시 강동구 양재대로 지하1632(명일동),37.5374092,127.1411034,2517070.25,32.2725,77994.27531,0,-0.970207,-0.899822,-0.603726
161,5,고덕역,강동구,서울특별시 강동구 고덕로 지하253(고덕동),37.5555874,127.1475975,3956290,34.74,113882.844,0,-0.970207,-0.899822,-0.603726
162,5,상일동역,강동구,서울특별시 강동구 고덕로 지하359(상일동),37.5555874,127.1475975,2686525.667,22.41,119880.6634,0,-0.970207,-0.899822,-0.603726
163,5,둔촌동역,강동구,서울특별시 강동구 양재대로 지하1369(둔촌동),37.5374092,127.1411034,3452898,30.382,113649.4635,0,-0.970207,-0.899822,-0.603726
164,5,올림픽공원역,송파구,서울특별시 송파구 양재대로 지하1233(방이동),37.50885,127.1247641,5832764,37.2,156794.7312,0,-5.82448,1.94447,-1.11111
165,5,방이역,송파구,서울특별시 송파구 양재대로 지하1127(방이동),37.50885,127.1247641,5832764,27.89,209134.6002,0,-5.82448,1.94447,-1.11111
166,5,오금(5)역,송파구,서울특별시 송파구 오금로 지하321(오금동),37.5062405,127.1232563,3373245,27.38,123201.0592,0,-5.82448,1.94447,-1.11111
167,5,개롱역,송파구,서울특별시 송파구 오금로 지하402(가락동),37.5062405,127.1232563,6316240,40,157906,0,-5.82448,1.94447,-1.11111
168,5,거여역,송파구,서울특별시 송파구 오금로 지하499(거여동),37.5062405,127.1232563,4559758,28.98,157341.5459,0,-5.82448,1.94447,-1.11111
169,5,마천역,송파구,서울특별시 송파구 마천로57길 지하7(마천동),37.4951533,127.1530068,4234853,30,141161.7667,0,-5.82448,1.94447,-1.11111
170,6,응암역,은평구,서울특별시 은평구 증산로 지하477(신사동),37.5869005,126.9097744,7655553,33.24,230311.4621,0,-1.76666,-0.432013,0.405047
171,6,역촌역,은평구,서울특별시 은평구 서오릉로 지하63(녹번동),37.6114461,126.9153066,3889667,44.375,87654.46761,0,-1.76666,-0.432013,0.405047
172,6,불광(6)역,은평구,서울특별시 은평구 통일로 지하723-1(대조동),37.6123992,126.9292744,932822.5,37.25,25042.21477,0,-1.76666,-0.432013,0.405047
173,6,독바위역,은평구,서울특별시 은평구 불광로 지하129-1(불광동),37.6149092,126.9304818,2860106,58.15,49184.96991,0,-1.76666,-0.432013,0.405047
174,6,연신내(6)역,은평구,서울특별시 은평구 통일로 지하849(갈현동),37.6123992,126.9292744,4838459.25,24.1925,199998.3156,0,-1.76666,-0.432013,0.405047
175,6,구산역,은평구,서울특별시 은평구 연서로 지하137-1(구산동),37.6190884,126.9235023,3878219.667,32.06666667,120942.4012,0,-1.76666,-0.432013,0.405047
176,6,새절역,은평구,서울특별시 은평구 증산로 지하400(신사동),37.5869005,126.9097744,4650237.8,32.748,142000.6657,0,-1.76666,-0.432013,0.405047
177,6,증산역,은평구,서울특별시 은평구 증산로 지하306(증산동),37.5869005,126.9097744,4246942,34.6,122743.9884,0,-1.76666,-0.432013,0.405047
178,6,디지털미디어시티역,은평구,서울특별시 은평구 수색로 지하175(증산동),37.5836106,126.8932739,5371345,74.09888889,72488.87373,0,-1.76666,-0.432013,0.405047
179,6,월드컵경기장역,마포구,서울특별시 마포구 월드컵로 지하240(성산동),37.5593963,126.9058128,4265462,43,99196.7907,0,0.201913,0.109845,-1.32146
180,6,마포구청역,마포구,서울특별시 마포구 월드컵로 지하190(성산동),37.5593963,126.9058128,3978098,44.94,88520.20472,0,0.201913,0.109845,-1.32146
181,6,망원역,마포구,서울특별시 마포구 월드컵로 지하77(망원동),37.5593963,126.9058128,3993856.8,38.234,104458.2518,0,0.201913,0.109845,-1.32146
182,6,합정(6)역,마포구,서울특별시 마포구 양화로 지하45(합정동),37.552785,126.9186125,7609451.267,41.183125,184771.099,0,0.201913,0.109845,-1.32146
183,6,상수역,마포구,서울특별시 마포구 독막로 지하85(상수동),37.5467114,126.9328565,10415664,35.28571429,295180.7611,0,0.201913,0.109845,-1.32146
184,6,광흥창역,마포구,서울특별시 마포구 독막로 지하165(창전동),37.5467114,126.9328565,3569012.5,79.5,44893.23899,0,0.201913,0.109845,-1.32146
185,6,대흥역,마포구,서울특별시 마포구 대흥로 지하85(대흥동),37.5505968,126.9429055,6380433.5,37.22333333,171409.5147,0,0.201913,0.109845,-1.32146
186,6,공덕(6)역,마포구,서울특별시 마포구 백범로 지하200(공덕동),37.5495268,126.9414508,8342481.167,47.85714286,174320.502,0,0.201913,0.109845,-1.32146
187,6,효창공원앞역,용산구,서울특별시 용산구 백범로 지하287(효창동),37.5383394,126.9654883,3645437.333,39,93472.75213,0,3.29565,-0.684115,-0.732332
188,6,삼각지(6)역,용산구,서울특별시 용산구 한강대로 지하185(한강로1가),37.5516714,126.972922,4324516.5,94,46005.49468,0,3.29565,-0.684115,-0.732332
189,6,녹사평역,용산구,서울특별시 용산구 녹사평대로 지하195(용산동4가),37.5345491,126.9899665,8687609,40,217190.225,0,3.29565,-0.684115,-0.732332
190,6,이태원역,용산구,서울특별시 용산구 이태원로 지하177(이태원동),37.5340548,126.9950167,7236377.333,26,278322.2051,0,3.29565,-0.684115,-0.732332
191,6,한강진역,용산구,서울특별시 용산구 이태원로 지하287(한남동),37.5340548,126.9950167,4092272.667,57.5,71169.95943,0,3.29565,-0.684115,-0.732332
192,6,버티고개역,중구,서울특별시 중구 다산로 지하38(신당동),37.5584387,127.0119475,0,26,0,0,7.57404,3.98087,0.601224
193,6,약수(6)역,중구,서울특별시 중구 다산로 지하115(신당동),37.5584387,127.0119475,10564528,56,188652.2857,0,7.57404,3.98087,0.601224
194,6,청구역,중구,서울특별시 중구 청구로 지하77(신당동),37.5608109,127.0137038,0,0,0,0,7.57404,3.98087,0.601224
195,6,신당(6)역,중구,서울특별시 중구 다산로 지하260(흥인동),37.5584387,127.0119475,4346373.167,53.60571429,81080.40765,0,7.57404,3.98087,0.601224
196,6,동묘앞(6)역,종로구,서울특별시 종로구 지봉로 지하24(숭인동),37.5762104,127.0152403,3429726,36.75,93325.87755,0,5.43797,2.23685,-1.13737
197,6,창신역,종로구,서울특별시 종로구 지봉로 지하112(창신동),37.5762104,127.0152403,2689152,28,96041.14286,0,5.43797,2.23685,-1.13737
198,6,보문역,성북구,서울특별시 성북구 보문로 지하116(보문동1가),37.5866336,127.0181024,3144519.25,30.49,103132.8058,0,-1.31044,-0.672619,0.261881
199,6,안암역,성북구,서울특별시 성북구 고려대로 지하89(안암동5가),37.590403,127.035926,5054752,31.31285714,161427.3644,0,-1.31044,-0.672619,0.261881
200,6,고려대역,성북구,서울특별시 성북구 종암로 지하1(종암동),37.602119,127.0332133,10602944,39.68,267211.2903,0,-1.31044,-0.672619,0.261881
201,6,월곡역,성북구,서울특별시 성북구 월곡로 지하107(하월곡동),37.5965761,127.0389176,5256157.571,40.40428571,130089.1101,0,-1.31044,-0.672619,0.261881
202,6,상월곡역,성북구,서울특별시 성북구 화랑로 지하157(상월곡동),37.6052866,127.0403349,4299077,66.7,64453.92804,0,-1.31044,-0.672619,0.261881
203,6,돌곶이역,성북구,서울특별시 성북구 화랑로 지하243(석관동),37.6052866,127.0403349,6004392.5,33.68571429,178247.4448,0,-1.31044,-0.672619,0.261881
204,6,석계역,노원구,서울특별시 노원구 화랑로 지하 347-1(월계동) ,37.6245739,127.0830557,11378845.5,34.475,330060.7832,0,-3.54654,0.0328271,0.928053
205,6,태릉입구(6)역,노원구,서울특별시 노원구 동일로 지하 992-1(공릉동),37.6562713,127.0624069,2154589.778,44.274,48664.8999,0,-3.54654,0.0328271,0.928053
206,6,화랑대역,노원구,서울특별시 노원구 화랑로 지하510(공릉동),37.6245739,127.0830557,3179638.286,34.22857143,92894.27379,0,-3.54654,0.0328271,0.928053
207,6,봉화산역,중랑구,서울특별시 중랑구 신내로 지하232(신내동),37.6083906,127.0954925,2413428.2,56.2,42943.56228,0,0.00990203,-1.85906,0.310581
208,6,신내역,중랑구,서울특별시 중랑구 용마산로136길 33 신내차량기지,37.6115753,127.1077606,0,0,0,0,0.00990203,-1.85906,0.310581
209,7,도봉산역,도봉구,서울특별시 도봉구 도봉로 964-40(도봉동),37.6890803,127.046509,1124102,39.33333333,28578.86441,0,1.17058,-1.69655,-1.0179
210,7,수락산역,노원구,서울특별시 노원구 동일로 지하1662(상계동),37.6562713,127.0624069,2398897,46.35875,51746.36935,0,-3.54654,0.0328271,0.928053
211,7,마들역,노원구,서울특별시 노원구 동일로 지하1530-1(상계동),37.6562713,127.0624069,1780005.375,44.88473684,39657.25323,0,-3.54654,0.0328271,0.928053
212,7,노원(7)역,노원구,서울특별시 노원구 동일로 지하1409(상계동),37.6562713,127.0624069,8711703.429,34.56136364,252064.8062,0,-3.54654,0.0328271,0.928053
213,7,중계역,노원구,서울특별시 노원구 동일로 지하1308-1(중계동),37.6562713,127.0624069,3912536.857,50.44428571,77561.5474,0,-3.54654,0.0328271,0.928053
214,7,하계역,노원구,서울특별시 노원구 동일로 지하1196(하계동),37.6562713,127.0624069,5083906.333,43.37555556,117206.714,0,-3.54654,0.0328271,0.928053
215,7,공릉역,노원구,서울특별시 노원구 동일로 지하1074(공릉동),37.6562713,127.0624069,3611913.333,34.70166667,104084.7221,0,-3.54654,0.0328271,0.928053
216,7,태릉입구(7)역,노원구,서울특별시 노원구 동일로 지하 992-1(공릉동),37.6562713,127.0624069,4920927.75,44.2675,111163.4438,0,-3.54654,0.0328271,0.928053
217,7,먹골역,중랑구,서울특별시 중랑구 동일로 지하901(묵동),37.6042971,127.0780346,2922080,41.62571429,70198.9155,0,0.00990203,-1.85906,0.310581
218,7,중화역,중랑구,서울특별시 중랑구 동일로 지하797(중화동),37.6042971,127.0780346,5148237.7,44.33307692,116126.3341,0,0.00990203,-1.85906,0.310581
219,7,상봉역,중랑구,서울특별시 중랑구 망우로 297(상봉동),37.5967056,127.0860055,6541245.571,57.93857143,112899.6696,0,0.00990203,-1.85906,0.310581
220,7,면목역,중랑구,서울특별시 중랑구 면목로 지하407(면목동) ,37.5841989,127.0866148,5734506.636,44.72142857,128227.2687,0,0.00990203,-1.85906,0.310581
221,7,사가정역,중랑구,서울특별시 중랑구 사가정로 지하393(면목동),37.5808016,127.0875826,9838936.5,54.38818182,180902.1036,0,0.00990203,-1.85906,0.310581
222,7,용마산역,중랑구,서울특별시 중랑구 용마산로 지하227(면목동),37.5917707,127.0945783,3819445.4,47.68571429,80096.21869,0,0.00990203,-1.85906,0.310581
223,7,중곡역,광진구,서울특별시 광진구 능동로 지하417(중곡동),37.5486706,127.0759024,3170115,35.5375,89204.78368,0,0.295592,-1.62693,-1.79417
224,7,군자(7)역,광진구,서울특별시 광진구 천호대로 지하550(능동),37.5538892,127.0857152,9042582,38.72214286,233524.8344,0,0.295592,-1.62693,-1.79417
225,7,어린이대공원역,광진구,서울특별시 광진구 능동로 지하210(화양동),37.5486706,127.0759024,5509367.4,40.60818182,135671.3636,0,0.295592,-1.62693,-1.79417
226,7,건대입구(7)역,광진구,서울특별시 광진구 능동로 지하110(화양동),37.5486706,127.0759024,12941733.63,146.625,88264.16798,0,0.295592,-1.62693,-1.79417
227,7,뚝섬유원지역,광진구,서울특별시 광진구 능동로 10(자양동),37.5319161,127.0669943,5262400,29.89,176058.8826,0,0.295592,-1.62693,-1.79417
228,7,청담역,강남구,서울특별시 강남구 학동로 지하508(청담동),37.5148554,127.033969,4264559.231,57.71375,73891.56364,0,-3.29149,5.53299,-1.46002
229,7,강남구청역,강남구,서울특별시 강남구 학동로 지하346(삼성동),37.5148554,127.033969,5682873.462,94.28571429,60272.90035,0,-3.29149,5.53299,-1.46002
230,7,학동역,강남구,서울특별시 강남구 학동로 지하180(논현동),37.5148554,127.033969,6821359.643,37.18466667,183445.4966,0,-3.29149,5.53299,-1.46002
231,7,논현역,강남구,서울특별시 강남구 학동로 지하102(논현동),37.5148554,127.033969,4449386.154,39.95785714,111351.9711,0,-3.29149,5.53299,-1.46002
232,7,반포역,서초구,서울특별시 서초구 신반포로 지하241(잠원동),37.5060582,127.0033885,6096386,226.07,26966.80674,0,-0.746933,3.02472,0.773993
233,7,고속터미널(7)역,서초구,서울특별시 서초구 신반포로 지하188(반포동),37.5060582,127.0033885,25789497.25,172.4508333,149546.9564,0,-0.746933,3.02472,0.773993
234,7,내방역,서초구,서울특별시 서초구 서초대로 지하103(방배동),37.4900549,127.0007641,5226254.8,37.99833333,137539.0535,0,-0.746933,3.02472,0.773993
235,7,이수(7)역,동작구,서울특별시 동작구 사당로 지하310(사당동),37.4874957,126.9718515,13790655.5,82.4625,167235.4767,0,-0.0745646,-1.48728,1.57093
236,7,남성역,동작구,서울특별시 동작구 사당로 지하218(사당동),37.4874957,126.9718515,5563905,36.75,151398.7755,0,-0.0745646,-1.48728,1.57093
237,7,숭실대입구역,동작구,서울특별시 동작구 상도로 지하378(상도동),37.4997186,126.9414329,3326815.125,43.75125,76039.31602,0,-0.0745646,-1.48728,1.57093
238,7,상도역,동작구,서울특별시 동작구 상도로 지하272(상도1동),37.4997186,126.9414329,7215603.2,49.554,145610.9133,0,-0.0745646,-1.48728,1.57093
239,7,장승배기역,동작구,서울특별시 동작구 상도로 지하188(상도동) ,37.4997186,126.9414329,5415918,49.1,110303.8289,0,-0.0745646,-1.48728,1.57093
240,7,신대방삼거리역,동작구,서울특별시 동작구 상도로 지하76(대방동),37.4997186,126.9414329,5483940,42.87916667,127892.8773,0,-0.0745646,-1.48728,1.57093
241,7,보라매역,동작구,서울특별시 동작구 상도로 지하2(대방동),37.4997186,126.9414329,4717768.5,34.145,138168.6484,0,-0.0745646,-1.48728,1.57093
242,7,신풍역,영등포구,서울특별시 영등포구 신풍로 지하27(신길동),37.5001939,126.9128486,4170546.75,37.4775,111281.3488,0,0.90948,1.15866,3.80037
243,7,대림(7)역,영등포구,서울특별시 영등포구 도림로 지하137(대림동),37.5050273,126.8975225,8407338.333,37.165,226216.5568,0,0.90948,1.15866,3.80037
244,7,남구로역,구로구,서울특별시 구로구 도림로 지하7(구로동) ,37.488497,126.8904141,5615767,39.96833333,140505.4085,0,-0.190459,-0.776803,0.00457076
245,7,가산디지털단지역,금천구,서울특별시 금천구 벚꽃로 309(가산동),37.4822545,126.8821832,9106908.5,42.496,214300.3694,0,3.27346,-0.972953,-0.501512
246,7,천왕역,구로구,서울특별시 구로구 오리로 지하1154(천왕동),37.4943867,126.8325917,3696375,468.66,7887.114326,0,-0.190459,-0.776803,0.00457076
247,7,온수역,구로구,서울특별시 구로구 경인로3길 지하64(온수동),37.4916055,126.8232976,3250490,47.20142857,68864.22929,0,-0.190459,-0.776803,0.00457076
248,8,암사역,강동구,서울특별시 강동구 올림픽로 지하776(암사동),37.5486728,127.1275525,5760128.75,30.7275,187458.4249,0,-0.970207,-0.899822,-0.603726
249,8,천호역,강동구,서울특별시 강동구 천호대로 지하997(천호동),37.538274,127.14567,0,0,0,0,-0.970207,-0.899822,-0.603726
250,8,강동구청역,강동구,서울특별시 강동구 올림픽로 지하550(성내동),37.5486728,127.1275525,4509835.667,37.775,119386.7814,0,-0.970207,-0.899822,-0.603726
251,8,몽촌토성역,송파구,서울특별시 송파구 올림픽로 지하383(신천동),37.5213517,127.1026097,7487918,36,207997.7222,0,-5.82448,1.94447,-1.11111
252,8,잠실(8)역,송파구,서울특별시 송파구 올림픽로 305(신천동),37.5149545,127.1042019,81977500,79.98807692,1024871.495,0,-5.82448,1.94447,-1.11111
253,8,석촌역,송파구,서울특별시 송파구 송파대로 지하439(석촌동),37.4856859,127.1193237,6140416,34,180600.4706,0,-5.82448,1.94447,-1.11111
254,8,송파역,송파구,서울특별시 송파구 송파대로 지하354(가락동),37.4856859,127.1193237,3614988,29.675,121819.3092,0,-5.82448,1.94447,-1.11111
255,8,가락시장(8)역,송파구,서울특별시 송파구 송파대로 지하257(가락동),37.4856859,127.1193237,3616269.25,32.01,112973.11,0,-5.82448,1.94447,-1.11111
256,8,문정역,송파구,서울특별시 송파구 송파대로 지하179(문정동),37.4856859,127.1193237,5552551,30,185085.0333,0,-5.82448,1.94447,-1.11111
257,8,장지역,송파구,서울특별시 송파구 송파대로 지하82(장지동),37.4856859,127.1193237,6200928.667,28.95666667,214145.1134,0,-5.82448,1.94447,-1.11111
258,8,복정역,송파구,서울특별시 송파구 송파대로 지하6(장지동),37.4856859,127.1193237,8911248,50,178224.96,0,-5.82448,1.94447,-1.11111
259,9,언주,강남구,서울특별시 강남구 봉은사로 지하201(논현동),37.5085884,127.0405045,0,0,0,0,-3.29149,5.53299,-1.46002
260,9,선정릉,강남구,서울특별시 강남구 선릉로 지하580(삼성동),37.5070339,127.047777,0,0,0,0,-3.29149,5.53299,-1.46002
261,9,삼성중앙,강남구,서울특별시 강남구 봉은사로 지하501(삼성동),37.5085884,127.0405045,0,0,0,0,-3.29149,5.53299,-1.46002
262,9,봉은사,강남구,서울특별시 강남구 봉은사로 지하601(삼성동),37.5085884,127.0405045,0,0,0,0,-3.29149,5.53299,-1.46002
263,9,종합운동장,송파구,서울특별시 송파구 올림픽로 49(잠실동),37.5213517,127.1026097,0,0,0,0,-5.82448,1.94447,-1.11111
264,9,삼전,송파구,서울특별시 송파구 백제고분로 지하189(잠실동),37.5079559,127.0981246,0,0,0,0,-5.82448,1.94447,-1.11111
265,9,석촌고분,송파구,서울특별시 송파구 백제고분로 지하274(삼전동),37.5079559,127.0981246,0,0,0,0,-5.82448,1.94447,-1.11111
266,9,석촌,송파구,서울특별시 송파구 송파대로 지하439(석촌동),37.4856859,127.1193237,0,0,0,0,-5.82448,1.94447,-1.11111
267,9,송파나루,송파구,서울특별시 송파구 백제고분로 지하446(방이동),37.5079559,127.0981246,0,0,0,0,-5.82448,1.94447,-1.11111
268,9,한성백제,송파구,서울특별시 송파구 위례성대로 지하29(방이동),37.5132079,127.1229459,0,0,0,0,-5.82448,1.94447,-1.11111
269,9,올림픽공원(한국체대),송파구,서울특별시 송파구 양재대로 지하1233(방이동),37.50885,127.1247641,0,0,0,0,-5.82448,1.94447,-1.11111
270,9,둔촌오륜,강동구,서울특별시 강동구 강동대로 지하303(둔촌동),37.5231922,127.1313538,0,0,0,0,-0.970207,-0.899822,-0.603726
271,9,중앙보훈병원,강동구,서울특별시 강동구 동남로 지하625(둔촌동),37.5372136,127.15142,0,0,0,0,-0.970207,-0.899822,-0.603726
